1665839811919,SimpleEvent(timestamp=16:16:51.900, sequence=1)
1665839812117,SimpleEvent(timestamp=16:16:52.100, sequence=3)
1665839812315,SimpleEvent(timestamp=16:16:52.300, sequence=5)
1665839812518,SimpleEvent(timestamp=16:16:52.500, sequence=7)
1665839812718,SimpleEvent(timestamp=16:16:52.700, sequence=9)
1665839812920,SimpleEvent(timestamp=16:16:52.900, sequence=11)
1665839813114,SimpleEvent(timestamp=16:16:53.100, sequence=13)
1665839813315,SimpleEvent(timestamp=16:16:53.300, sequence=15)
1665839813514,SimpleEvent(timestamp=16:16:53.500, sequence=17)
1665839813715,SimpleEvent(timestamp=16:16:53.700, sequence=19)
1665839813914,SimpleEvent(timestamp=16:16:53.900, sequence=21)
1665839814112,SimpleEvent(timestamp=16:16:54.100, sequence=23)
1665839814316,SimpleEvent(timestamp=16:16:54.300, sequence=25)
1665839814519,SimpleEvent(timestamp=16:16:54.500, sequence=27)
1665839814717,SimpleEvent(timestamp=16:16:54.700, sequence=29)
1665839814915,SimpleEvent(timestamp=16:16:54.900, sequence=31)
1665839815113,SimpleEvent(timestamp=16:16:55.100, sequence=33)
1665839815317,SimpleEvent(timestamp=16:16:55.300, sequence=35)
1665839815514,SimpleEvent(timestamp=16:16:55.500, sequence=37)
1665839815717,SimpleEvent(timestamp=16:16:55.700, sequence=39)
1665839815914,SimpleEvent(timestamp=16:16:55.900, sequence=41)
1665839816112,SimpleEvent(timestamp=16:16:56.100, sequence=43)
1665839816320,SimpleEvent(timestamp=16:16:56.300, sequence=45)
1665839816518,SimpleEvent(timestamp=16:16:56.500, sequence=47)
1665839816715,SimpleEvent(timestamp=16:16:56.700, sequence=49)
1665839816911,SimpleEvent(timestamp=16:16:56.900, sequence=51)
1665839817119,SimpleEvent(timestamp=16:16:57.100, sequence=53)
1665839817317,SimpleEvent(timestamp=16:16:57.300, sequence=55)
1665839817514,SimpleEvent(timestamp=16:16:57.500, sequence=57)
1665839817718,SimpleEvent(timestamp=16:16:57.700, sequence=59)
1665839817916,SimpleEvent(timestamp=16:16:57.900, sequence=61)
1665839818117,SimpleEvent(timestamp=16:16:58.100, sequence=63)
1665839818314,SimpleEvent(timestamp=16:16:58.300, sequence=65)
1665839818519,SimpleEvent(timestamp=16:16:58.500, sequence=67)
1665839818717,SimpleEvent(timestamp=16:16:58.700, sequence=69)
1665839818916,SimpleEvent(timestamp=16:16:58.900, sequence=71)
1665839819112,SimpleEvent(timestamp=16:16:59.100, sequence=73)
1665839819314,SimpleEvent(timestamp=16:16:59.300, sequence=75)
1665839819515,SimpleEvent(timestamp=16:16:59.500, sequence=77)
1665839819719,SimpleEvent(timestamp=16:16:59.700, sequence=79)
1665839819916,SimpleEvent(timestamp=16:16:59.900, sequence=81)
1665839820118,SimpleEvent(timestamp=16:17:00.100, sequence=83)
1665839820318,SimpleEvent(timestamp=16:17:00.300, sequence=85)
1665839820515,SimpleEvent(timestamp=16:17:00.500, sequence=87)
1665839820717,SimpleEvent(timestamp=16:17:00.700, sequence=89)
1665839820915,SimpleEvent(timestamp=16:17:00.900, sequence=91)
1665839821119,SimpleEvent(timestamp=16:17:01.100, sequence=93)
1665839821311,SimpleEvent(timestamp=16:17:01.300, sequence=95)
1665839821519,SimpleEvent(timestamp=16:17:01.500, sequence=97)
1665839821719,SimpleEvent(timestamp=16:17:01.700, sequence=99)
1665839821914,SimpleEvent(timestamp=16:17:01.900, sequence=101)
1665839822114,SimpleEvent(timestamp=16:17:02.100, sequence=103)
1665839822316,SimpleEvent(timestamp=16:17:02.300, sequence=105)
1665839822516,SimpleEvent(timestamp=16:17:02.500, sequence=107)
1665839822721,SimpleEvent(timestamp=16:17:02.700, sequence=109)
1665839822914,SimpleEvent(timestamp=16:17:02.900, sequence=111)
1665839823112,SimpleEvent(timestamp=16:17:03.100, sequence=113)
1665839823320,SimpleEvent(timestamp=16:17:03.300, sequence=115)
1665839823517,SimpleEvent(timestamp=16:17:03.500, sequence=117)
1665839823717,SimpleEvent(timestamp=16:17:03.700, sequence=119)
1665839823914,SimpleEvent(timestamp=16:17:03.900, sequence=121)
1665839824118,SimpleEvent(timestamp=16:17:04.100, sequence=123)
1665839824318,SimpleEvent(timestamp=16:17:04.300, sequence=125)
1665839824515,SimpleEvent(timestamp=16:17:04.500, sequence=127)
1665839824716,SimpleEvent(timestamp=16:17:04.700, sequence=129)
1665839824918,SimpleEvent(timestamp=16:17:04.900, sequence=131)
1665839825115,SimpleEvent(timestamp=16:17:05.100, sequence=133)
1665839825313,SimpleEvent(timestamp=16:17:05.300, sequence=135)
1665839825517,SimpleEvent(timestamp=16:17:05.500, sequence=137)
1665839825719,SimpleEvent(timestamp=16:17:05.700, sequence=139)
1665839825915,SimpleEvent(timestamp=16:17:05.900, sequence=141)
1665839826117,SimpleEvent(timestamp=16:17:06.100, sequence=143)
1665839826312,SimpleEvent(timestamp=16:17:06.300, sequence=145)
1665839826516,SimpleEvent(timestamp=16:17:06.500, sequence=147)
1665839826715,SimpleEvent(timestamp=16:17:06.700, sequence=149)
1665839826919,SimpleEvent(timestamp=16:17:06.900, sequence=151)
1665839827117,SimpleEvent(timestamp=16:17:07.100, sequence=153)
1665839827315,SimpleEvent(timestamp=16:17:07.300, sequence=155)
1665839827515,SimpleEvent(timestamp=16:17:07.500, sequence=157)
1665839827714,SimpleEvent(timestamp=16:17:07.700, sequence=159)
1665839827914,SimpleEvent(timestamp=16:17:07.900, sequence=161)
1665839828117,SimpleEvent(timestamp=16:17:08.100, sequence=163)
1665839828316,SimpleEvent(timestamp=16:17:08.300, sequence=165)
1665839828518,SimpleEvent(timestamp=16:17:08.500, sequence=167)
1665839828716,SimpleEvent(timestamp=16:17:08.700, sequence=169)
1665839828912,SimpleEvent(timestamp=16:17:08.900, sequence=171)
1665839829115,SimpleEvent(timestamp=16:17:09.100, sequence=173)
1665839829315,SimpleEvent(timestamp=16:17:09.300, sequence=175)
